{
  "apelido": "ALUNO MONO",
  "status": "ok",
  "shape": [
    768
  ],
  "elapsed_seconds": 3.69,
  "stats": {
    "mean": 0.0003,
    "std": 0.0688,
    "min": -0.5193,
    "max": 0.5562,
    "norm": 1.9055
  },
  "embedding_first_10": [
    -0.011265912093222141,
    -0.009052297100424767,
    0.013421454466879368,
    0.019582893699407578,
    0.04355785250663757,
    -0.05075488239526749,
    0.025040537118911743,
    0.021837348118424416,
    0.027399752289056778,
    0.12356077879667282
  ]
}