{
  "apelido": "ALUNA LOIRA",
  "status": "ok",
  "shape": [
    768
  ],
  "elapsed_seconds": 2.01,
  "stats": {
    "mean": 0.0002,
    "std": 0.0862,
    "min": -0.7239,
    "max": 0.5484,
    "norm": 2.3886
  },
  "embedding_first_10": [
    -0.023080499842762947,
    0.000423847435740754,
    0.011017005890607834,
    0.02336016111075878,
    0.026434024795889854,
    -0.08111883699893951,
    -0.024633513763546944,
    -0.02297733724117279,
    -0.006055695936083794,
    0.08317007124423981
  ]
}