{
  "apelido": "ALUNA MORENA",
  "status": "ok",
  "shape": [
    768
  ],
  "elapsed_seconds": 6.17,
  "stats": {
    "mean": -0.0001,
    "std": 0.0859,
    "min": -0.4768,
    "max": 0.7399,
    "norm": 2.3809
  },
  "embedding_first_10": [
    -0.030510615557432175,
    -0.004370788112282753,
    -0.013694001361727715,
    0.03276251256465912,
    0.04226754605770111,
    -0.08235548436641693,
    -0.018741413950920105,
    0.014704441651701927,
    0.006344651337713003,
    0.09513071179389954
  ]
}