{
  "apelido": "GUI ARARANGUA",
  "status": "ok",
  "shape": [
    768
  ],
  "elapsed_seconds": 2.74,
  "stats": {
    "mean": 0.0003,
    "std": 0.0781,
    "min": -0.5232,
    "max": 0.5545,
    "norm": 2.1638
  },
  "embedding_first_10": [
    -0.021464180201292038,
    -0.020246272906661034,
    -0.0075638736598193645,
    0.02578030712902546,
    0.04936695098876953,
    -0.09440729022026062,
    -0.03037831000983715,
    0.0016648274613544345,
    -0.0012986829970031977,
    0.08946072310209274
  ]
}