{
  "apelido": "GUI ITAJAI",
  "status": "ok",
  "shape": [
    768
  ],
  "elapsed_seconds": 27.11,
  "stats": {
    "mean": -0.0001,
    "std": 0.0602,
    "min": -0.4762,
    "max": 0.3724,
    "norm": 1.6685
  },
  "embedding_first_10": [
    -0.017344271764159203,
    -0.020523035898804665,
    -0.0203244686126709,
    0.029592249542474747,
    0.032811786979436874,
    -0.02582269348204136,
    0.02040533907711506,
    0.023972416296601295,
    0.03659698739647865,
    0.07471847534179688
  ]
}