{
  "apelido": "GUI WENDEL",
  "status": "ok",
  "shape": [
    768
  ],
  "elapsed_seconds": 2.22,
  "stats": {
    "mean": 0.0004,
    "std": 0.058,
    "min": -0.3363,
    "max": 0.4663,
    "norm": 1.6082
  },
  "embedding_first_10": [
    -0.013276497833430767,
    0.0007878735777921975,
    -0.02309204451739788,
    0.012392011471092701,
    0.005335826426744461,
    -0.03446030989289284,
    -0.0015118721639737487,
    0.0053388625383377075,
    0.0275538619607687,
    0.05262802913784981
  ]
}