{
  "apelido": "GUI PRIME",
  "status": "ok",
  "shape": [
    768
  ],
  "elapsed_seconds": 4.13,
  "stats": {
    "mean": 0.0005,
    "std": 0.0743,
    "min": -0.3841,
    "max": 0.6197,
    "norm": 2.0596
  },
  "embedding_first_10": [
    -0.012761547230184078,
    -0.011447509750723839,
    0.0066350302658975124,
    0.031130529940128326,
    0.038491204380989075,
    -0.03994335979223251,
    0.04094137251377106,
    0.01495616976171732,
    0.019751060754060745,
    0.11706849932670593
  ]
}